{
  "weights": {
    "discard": [
      515.8579117142156,
      728.6698270054156,
      794.5773788965988,
      134.4990534983093,
      1438.86779669018,
      289.8948761781139,
      2274.6241474555845,
      800.5471122035652,
      444.2774873555469,
      90.92259855357563,
      183.93755763946484,
      2982.4077658429114
    ],
    "pon": [
      34.23141012568532,
      65.6080071369477,
      33.37659701126404,
      125.87302533905346,
      83.63438111462995,
      170.84216464393904,
      316.8749470388676
    ]
  },
  "iteration": 630000,
  "epsilon": 0.04591095080006137,
  "runningMean": -2.0465710376385733,
  "runningVar": 1,
  "bestEvalScore": 0.08,
  "timestamp": "2026-03-12T14:51:42.188Z"
}